{"cameraMode":{"drawMode":0,"name":"Shaded","section":"Shading Mode"},"sceneLighting":false,"audioPlay":false,"sceneViewState":{"m_AlwaysRefresh":false,"showFog":false,"showSkybox":false,"showFlares":false,"showImageEffects":false,"showParticleSystems":true,"showVisualEffectGraphs":true,"m_FxEnabled":false},"in2DMode":false,"pivot":{"x":0.5971379280090332,"y":0.14871066808700562,"z":0.01443624496459961},"rotation":{"x":-0.047902073711156848,"y":0.9515818953514099,"z":-0.23015651106834413,"w":-0.19805143773555757},"size":3.082974910736084,"orthographic":false}